<?xml version="1.0" encoding="UTF-8"?><module>
   <id>CMM_Publications_Model</id>
   <auto-deploy>true</auto-deploy>
   <configurations>
      
      <!-- Document Library config section -->
      <config condition="DocumentLibrary" evaluator="string-compare" replace="false">
      </config>

      <!-- Form configuration section - type -->
      
      <!-- Form configuration section - aspect -->
      
      <!-- Entity form designer configuration -->
      <config condition="FormDefinition" evaluator="string-compare">
         <form-definition id="Publication">[{"elementconfig":{"label":"","appearance":"title"},"pseudonym":"cmm/editor/layout/1cols","label":"cmm.form-editor.palette.one-column","column":[{"pseudonym":"cmm/editor/property/text","id":"cgghPub:publicationStatus","elementconfig":{"infoname":"publicationStatus","infolabel":"Publication Status","infotype":"d:text"},"label":"Publication Status [publicationStatus]","type":["property"]},{"pseudonym":"cmm/editor/property/text","id":"cgghPub:fundingCodes","elementconfig":{"infoname":"fundingCodes","infolabel":"fundingCodes","infotype":"d:text"},"label":"fundingCodes","type":["property"]},{"pseudonym":"cmm/editor/property/boolean","id":"cgghPub:onProdSchedule","elementconfig":{"infoname":"onProdSchedule","infolabel":"Captured on Production Schedule","infotype":"d:boolean"},"label":"Captured on Production Schedule [onProdSchedule]","type":["property"]},{"pseudonym":"cmm/editor/property/date","id":"cgghPub:submittedDate","elementconfig":{"infoname":"submittedDate","infolabel":"Date manuscript submitted","infotype":"d:date"},"label":"Date manuscript submitted [submittedDate]","type":["property"]}],"type":"{type}"}]</form-definition>
      </config>

   </configurations>
</module>
