<?xml version="1.0" encoding="UTF-8"?>
<model xmlns="http://www.alfresco.org/model/dictionary/1.0" name="cgghPub:Publications_Model">
    <author>Administrator</author>
    <imports>
        <import uri="http://www.alfresco.org/model/content/1.0" prefix="cm"/>
        <import uri="http://www.alfresco.org/model/dictionary/1.0" prefix="d"/>
    </imports>
    <namespaces>
        <namespace uri="http://alfresco.cggh.org/model/publications/1.0" prefix="cgghPub"/>
    </namespaces>
    <data-types/>
    <constraints/>
    <types>
        <type name="cgghPub:publicationFolder">
            <title>Publication Folder</title>
            <parent>cm:folder</parent>
            <properties/>
            <associations/>
            <overrides/>
            <mandatory-aspects/>
        </type>
    </types>
    <aspects>
        <aspect name="cgghPub:Publication">
            <title>Publication Details</title>
            <properties>
                <property name="cgghPub:publicationStatus">
                    <title>Publication Status</title>
                    <type>d:text</type>
                    <mandatory>true</mandatory>
                    <index enabled="true">
                        <tokenised>TRUE</tokenised>
                        <facetable>false</facetable>
                    </index>
                    <constraints>
                        <constraint name="cgghPub:LIST_6e6cd248-04f8-4f08-8db8-f317d625811e" type="LIST">
                            <parameter name="allowedValues">
                                <list>
                                    <value>analysis</value>
                                    <value>draft</value>
                                    <value>under discussion</value>
                                    <value>submitted</value>
                                    <value>re-draft</value>
                                    <value>rejected</value>
                                    <value>re-submitted</value>
                                    <value>stalled</value>
                                </list>
                            </parameter>
                            <parameter name="caseSensitive">
                                <value>true</value>
                            </parameter>
                            <parameter name="sorted">
                                <value>false</value>
                            </parameter>
                        </constraint>
                    </constraints>
                </property>
                <property name="cgghPub:onProdSchedule">
                    <title>Captured on Production Schedule</title>
                    <type>d:boolean</type>
                    <mandatory>false</mandatory>
                    <default>false</default>
                    <index enabled="true">
                        <tokenised>TRUE</tokenised>
                    </index>
                </property>
                <property name="cgghPub:submittedDate">
                    <title>Date manuscript submitted</title>
                    <type>d:date</type>
                    <mandatory>false</mandatory>
                    <index enabled="true">
                        <tokenised>TRUE</tokenised>
                    </index>
                </property>
                <property name="cgghPub:fundingCodes">
                    <title>funding Codes</title>
                    <type>d:text</type>
                    <mandatory>false</mandatory>
                    <index enabled="true">
                        <tokenised>TRUE</tokenised>
                        <facetable>false</facetable>
                    </index>
                </property>
            </properties>
            <associations/>
            <overrides/>
            <mandatory-aspects/>
        </aspect>
    </aspects>
</model>